[
  {
    "name": "Application Start",
    "start": 1612432237266,
    "end": 1612432237530,
    "duration": 264,
    "pid": 14871,
    "index": 0
  },
  {
    "name": "Load Plugin",
    "start": 1612432237270,
    "end": 1612432237276,
    "duration": 6,
    "pid": 14871,
    "index": 1
  },
  {
    "name": "Load Config",
    "start": 1612432237276,
    "end": 1612432237286,
    "duration": 10,
    "pid": 14871,
    "index": 2
  },
  {
    "name": "Require(0) config/config.default.js",
    "start": 1612432237276,
    "end": 1612432237277,
    "duration": 1,
    "pid": 14871,
    "index": 3
  },
  {
    "name": "Require(1) node_modules/egg-session/config/config.default.js",
    "start": 1612432237278,
    "end": 1612432237278,
    "duration": 0,
    "pid": 14871,
    "index": 4
  },
  {
    "name": "Require(2) node_modules/egg-security/config/config.default.js",
    "start": 1612432237278,
    "end": 1612432237278,
    "duration": 0,
    "pid": 14871,
    "index": 5
  },
  {
    "name": "Require(3) node_modules/egg-jsonp/config/config.default.js",
    "start": 1612432237279,
    "end": 1612432237279,
    "duration": 0,
    "pid": 14871,
    "index": 6
  },
  {
    "name": "Require(4) node_modules/egg-onerror/config/config.default.js",
    "start": 1612432237279,
    "end": 1612432237279,
    "duration": 0,
    "pid": 14871,
    "index": 7
  },
  {
    "name": "Require(5) node_modules/egg-i18n/config/config.default.js",
    "start": 1612432237279,
    "end": 1612432237279,
    "duration": 0,
    "pid": 14871,
    "index": 8
  },
  {
    "name": "Require(6) node_modules/egg-watcher/config/config.default.js",
    "start": 1612432237280,
    "end": 1612432237280,
    "duration": 0,
    "pid": 14871,
    "index": 9
  },
  {
    "name": "Require(7) node_modules/egg-schedule/config/config.default.js",
    "start": 1612432237280,
    "end": 1612432237280,
    "duration": 0,
    "pid": 14871,
    "index": 10
  },
  {
    "name": "Require(8) node_modules/egg-multipart/config/config.default.js",
    "start": 1612432237280,
    "end": 1612432237281,
    "duration": 1,
    "pid": 14871,
    "index": 11
  },
  {
    "name": "Require(9) node_modules/egg-development/config/config.default.js",
    "start": 1612432237281,
    "end": 1612432237281,
    "duration": 0,
    "pid": 14871,
    "index": 12
  },
  {
    "name": "Require(10) node_modules/egg-logrotator/config/config.default.js",
    "start": 1612432237281,
    "end": 1612432237281,
    "duration": 0,
    "pid": 14871,
    "index": 13
  },
  {
    "name": "Require(11) node_modules/egg-static/config/config.default.js",
    "start": 1612432237282,
    "end": 1612432237282,
    "duration": 0,
    "pid": 14871,
    "index": 14
  },
  {
    "name": "Require(12) node_modules/egg-view/config/config.default.js",
    "start": 1612432237282,
    "end": 1612432237282,
    "duration": 0,
    "pid": 14871,
    "index": 15
  },
  {
    "name": "Require(13) node_modules/egg-view-nunjucks/config/config.default.js",
    "start": 1612432237282,
    "end": 1612432237283,
    "duration": 1,
    "pid": 14871,
    "index": 16
  },
  {
    "name": "Require(14) node_modules/egg-mysql/config/config.default.js",
    "start": 1612432237283,
    "end": 1612432237283,
    "duration": 0,
    "pid": 14871,
    "index": 17
  },
  {
    "name": "Require(15) node_modules/egg/config/config.default.js",
    "start": 1612432237283,
    "end": 1612432237283,
    "duration": 0,
    "pid": 14871,
    "index": 18
  },
  {
    "name": "Require(16) config/config.default.js",
    "start": 1612432237284,
    "end": 1612432237284,
    "duration": 0,
    "pid": 14871,
    "index": 19
  },
  {
    "name": "Require(17) node_modules/egg-security/config/config.local.js",
    "start": 1612432237285,
    "end": 1612432237285,
    "duration": 0,
    "pid": 14871,
    "index": 20
  },
  {
    "name": "Require(18) node_modules/egg-watcher/config/config.local.js",
    "start": 1612432237285,
    "end": 1612432237285,
    "duration": 0,
    "pid": 14871,
    "index": 21
  },
  {
    "name": "Require(19) node_modules/egg-view/config/config.local.js",
    "start": 1612432237286,
    "end": 1612432237286,
    "duration": 0,
    "pid": 14871,
    "index": 22
  },
  {
    "name": "Require(20) node_modules/egg-view-nunjucks/config/config.local.js",
    "start": 1612432237286,
    "end": 1612432237286,
    "duration": 0,
    "pid": 14871,
    "index": 23
  },
  {
    "name": "Require(21) node_modules/egg/config/config.local.js",
    "start": 1612432237286,
    "end": 1612432237286,
    "duration": 0,
    "pid": 14871,
    "index": 24
  },
  {
    "name": "Load extend/application.js",
    "start": 1612432237287,
    "end": 1612432237309,
    "duration": 22,
    "pid": 14871,
    "index": 25
  },
  {
    "name": "Require(22) node_modules/egg-session/app/extend/application.js",
    "start": 1612432237288,
    "end": 1612432237288,
    "duration": 0,
    "pid": 14871,
    "index": 26
  },
  {
    "name": "Require(23) node_modules/egg-security/app/extend/application.js",
    "start": 1612432237288,
    "end": 1612432237288,
    "duration": 0,
    "pid": 14871,
    "index": 27
  },
  {
    "name": "Require(24) node_modules/egg-jsonp/app/extend/application.js",
    "start": 1612432237289,
    "end": 1612432237289,
    "duration": 0,
    "pid": 14871,
    "index": 28
  },
  {
    "name": "Require(25) node_modules/egg-logrotator/app/extend/application.js",
    "start": 1612432237290,
    "end": 1612432237290,
    "duration": 0,
    "pid": 14871,
    "index": 29
  },
  {
    "name": "Require(26) node_modules/egg-view/app/extend/application.js",
    "start": 1612432237290,
    "end": 1612432237291,
    "duration": 1,
    "pid": 14871,
    "index": 30
  },
  {
    "name": "Require(27) node_modules/egg-view-nunjucks/app/extend/application.js",
    "start": 1612432237291,
    "end": 1612432237308,
    "duration": 17,
    "pid": 14871,
    "index": 31
  },
  {
    "name": "Load extend/request.js",
    "start": 1612432237309,
    "end": 1612432237312,
    "duration": 3,
    "pid": 14871,
    "index": 32
  },
  {
    "name": "Require(28) node_modules/egg/app/extend/request.js",
    "start": 1612432237310,
    "end": 1612432237311,
    "duration": 1,
    "pid": 14871,
    "index": 33
  },
  {
    "name": "Load extend/response.js",
    "start": 1612432237312,
    "end": 1612432237314,
    "duration": 2,
    "pid": 14871,
    "index": 34
  },
  {
    "name": "Require(29) node_modules/egg/app/extend/response.js",
    "start": 1612432237312,
    "end": 1612432237313,
    "duration": 1,
    "pid": 14871,
    "index": 35
  },
  {
    "name": "Load extend/context.js",
    "start": 1612432237314,
    "end": 1612432237350,
    "duration": 36,
    "pid": 14871,
    "index": 36
  },
  {
    "name": "Require(30) node_modules/egg-security/app/extend/context.js",
    "start": 1612432237314,
    "end": 1612432237318,
    "duration": 4,
    "pid": 14871,
    "index": 37
  },
  {
    "name": "Require(31) node_modules/egg-jsonp/app/extend/context.js",
    "start": 1612432237319,
    "end": 1612432237319,
    "duration": 0,
    "pid": 14871,
    "index": 38
  },
  {
    "name": "Require(32) node_modules/egg-i18n/app/extend/context.js",
    "start": 1612432237320,
    "end": 1612432237320,
    "duration": 0,
    "pid": 14871,
    "index": 39
  },
  {
    "name": "Require(33) node_modules/egg-multipart/app/extend/context.js",
    "start": 1612432237320,
    "end": 1612432237347,
    "duration": 27,
    "pid": 14871,
    "index": 40
  },
  {
    "name": "Require(34) node_modules/egg-view/app/extend/context.js",
    "start": 1612432237347,
    "end": 1612432237348,
    "duration": 1,
    "pid": 14871,
    "index": 41
  },
  {
    "name": "Require(35) node_modules/egg/app/extend/context.js",
    "start": 1612432237348,
    "end": 1612432237349,
    "duration": 1,
    "pid": 14871,
    "index": 42
  },
  {
    "name": "Load extend/helper.js",
    "start": 1612432237350,
    "end": 1612432237359,
    "duration": 9,
    "pid": 14871,
    "index": 43
  },
  {
    "name": "Require(36) node_modules/egg-security/app/extend/helper.js",
    "start": 1612432237350,
    "end": 1612432237358,
    "duration": 8,
    "pid": 14871,
    "index": 44
  },
  {
    "name": "Require(37) node_modules/egg/app/extend/helper.js",
    "start": 1612432237359,
    "end": 1612432237359,
    "duration": 0,
    "pid": 14871,
    "index": 45
  },
  {
    "name": "Load app.js",
    "start": 1612432237359,
    "end": 1612432237385,
    "duration": 26,
    "pid": 14871,
    "index": 46
  },
  {
    "name": "Require(38) node_modules/egg-session/app.js",
    "start": 1612432237360,
    "end": 1612432237360,
    "duration": 0,
    "pid": 14871,
    "index": 47
  },
  {
    "name": "Require(39) node_modules/egg-security/app.js",
    "start": 1612432237360,
    "end": 1612432237361,
    "duration": 1,
    "pid": 14871,
    "index": 48
  },
  {
    "name": "Require(40) node_modules/egg-onerror/app.js",
    "start": 1612432237361,
    "end": 1612432237365,
    "duration": 4,
    "pid": 14871,
    "index": 49
  },
  {
    "name": "Require(41) node_modules/egg-i18n/app.js",
    "start": 1612432237366,
    "end": 1612432237372,
    "duration": 6,
    "pid": 14871,
    "index": 50
  },
  {
    "name": "Require(42) node_modules/egg-watcher/app.js",
    "start": 1612432237373,
    "end": 1612432237374,
    "duration": 1,
    "pid": 14871,
    "index": 51
  },
  {
    "name": "Require(43) node_modules/egg-schedule/app.js",
    "start": 1612432237374,
    "end": 1612432237375,
    "duration": 1,
    "pid": 14871,
    "index": 52
  },
  {
    "name": "Require(44) node_modules/egg-multipart/app.js",
    "start": 1612432237375,
    "end": 1612432237376,
    "duration": 1,
    "pid": 14871,
    "index": 53
  },
  {
    "name": "Require(45) node_modules/egg-development/app.js",
    "start": 1612432237376,
    "end": 1612432237376,
    "duration": 0,
    "pid": 14871,
    "index": 54
  },
  {
    "name": "Require(46) node_modules/egg-logrotator/app.js",
    "start": 1612432237376,
    "end": 1612432237376,
    "duration": 0,
    "pid": 14871,
    "index": 55
  },
  {
    "name": "Require(47) node_modules/egg-static/app.js",
    "start": 1612432237376,
    "end": 1612432237377,
    "duration": 1,
    "pid": 14871,
    "index": 56
  },
  {
    "name": "Require(48) node_modules/egg-view-nunjucks/app.js",
    "start": 1612432237377,
    "end": 1612432237377,
    "duration": 0,
    "pid": 14871,
    "index": 57
  },
  {
    "name": "Require(49) node_modules/egg-mysql/app.js",
    "start": 1612432237377,
    "end": 1612432237384,
    "duration": 7,
    "pid": 14871,
    "index": 58
  },
  {
    "name": "Before Start in node_modules/egg-watcher/lib/init.js:15:14",
    "start": 1612432237394,
    "pid": 14871,
    "index": 59
  },
  {
    "name": "Before Start in node_modules/egg-mysql/lib/mysql.js:20:7",
    "start": 1612432237462,
    "end": 1612432237526,
    "duration": 64,
    "pid": 14871,
    "index": 60
  },
  {
    "name": "Load Service",
    "start": 1612432237462,
    "end": 1612432237465,
    "duration": 3,
    "pid": 14871,
    "index": 61
  },
  {
    "name": "Load \"service\" to Context",
    "start": 1612432237462,
    "end": 1612432237465,
    "duration": 3,
    "pid": 14871,
    "index": 62
  },
  {
    "name": "Load Middleware",
    "start": 1612432237465,
    "end": 1612432237506,
    "duration": 41,
    "pid": 14871,
    "index": 63
  },
  {
    "name": "Load \"middlewares\" to Application",
    "start": 1612432237465,
    "end": 1612432237501,
    "duration": 36,
    "pid": 14871,
    "index": 64
  },
  {
    "name": "Load Controller",
    "start": 1612432237506,
    "end": 1612432237508,
    "duration": 2,
    "pid": 14871,
    "index": 65
  },
  {
    "name": "Load \"controller\" to Application",
    "start": 1612432237507,
    "end": 1612432237508,
    "duration": 1,
    "pid": 14871,
    "index": 66
  },
  {
    "name": "Load Router",
    "start": 1612432237508,
    "end": 1612432237510,
    "duration": 2,
    "pid": 14871,
    "index": 67
  },
  {
    "name": "Require(50) app/router.js",
    "start": 1612432237508,
    "end": 1612432237508,
    "duration": 0,
    "pid": 14871,
    "index": 68
  },
  {
    "name": "Before Start in node_modules/egg-core/lib/egg.js:303:10",
    "start": 1612432237509,
    "end": 1612432237520,
    "duration": 11,
    "pid": 14871,
    "index": 69
  }
]