[
  {
    "name": "Application Start",
    "start": 1558712089123,
    "end": 1558712089929,
    "duration": 806,
    "pid": 9537,
    "index": 0
  },
  {
    "name": "Load Plugin",
    "start": 1558712089131,
    "end": 1558712089161,
    "duration": 30,
    "pid": 9537,
    "index": 1
  },
  {
    "name": "Load Config",
    "start": 1558712089162,
    "end": 1558712089180,
    "duration": 18,
    "pid": 9537,
    "index": 2
  },
  {
    "name": "Require(0) config/config.default.js",
    "start": 1558712089162,
    "end": 1558712089163,
    "duration": 1,
    "pid": 9537,
    "index": 3
  },
  {
    "name": "Require(1) node_modules/egg-session/config/config.default.js",
    "start": 1558712089165,
    "end": 1558712089165,
    "duration": 0,
    "pid": 9537,
    "index": 4
  },
  {
    "name": "Require(2) node_modules/egg-security/config/config.default.js",
    "start": 1558712089165,
    "end": 1558712089165,
    "duration": 0,
    "pid": 9537,
    "index": 5
  },
  {
    "name": "Require(3) node_modules/egg-jsonp/config/config.default.js",
    "start": 1558712089166,
    "end": 1558712089166,
    "duration": 0,
    "pid": 9537,
    "index": 6
  },
  {
    "name": "Require(4) node_modules/egg-onerror/config/config.default.js",
    "start": 1558712089166,
    "end": 1558712089167,
    "duration": 1,
    "pid": 9537,
    "index": 7
  },
  {
    "name": "Require(5) node_modules/egg-i18n/config/config.default.js",
    "start": 1558712089167,
    "end": 1558712089167,
    "duration": 0,
    "pid": 9537,
    "index": 8
  },
  {
    "name": "Require(6) node_modules/egg-watcher/config/config.default.js",
    "start": 1558712089167,
    "end": 1558712089168,
    "duration": 1,
    "pid": 9537,
    "index": 9
  },
  {
    "name": "Require(7) node_modules/egg-schedule/config/config.default.js",
    "start": 1558712089168,
    "end": 1558712089168,
    "duration": 0,
    "pid": 9537,
    "index": 10
  },
  {
    "name": "Require(8) node_modules/egg-multipart/config/config.default.js",
    "start": 1558712089168,
    "end": 1558712089168,
    "duration": 0,
    "pid": 9537,
    "index": 11
  },
  {
    "name": "Require(9) node_modules/egg-development/config/config.default.js",
    "start": 1558712089169,
    "end": 1558712089169,
    "duration": 0,
    "pid": 9537,
    "index": 12
  },
  {
    "name": "Require(10) node_modules/egg-logrotator/config/config.default.js",
    "start": 1558712089170,
    "end": 1558712089170,
    "duration": 0,
    "pid": 9537,
    "index": 13
  },
  {
    "name": "Require(11) node_modules/egg-static/config/config.default.js",
    "start": 1558712089170,
    "end": 1558712089171,
    "duration": 1,
    "pid": 9537,
    "index": 14
  },
  {
    "name": "Require(12) node_modules/egg-view/config/config.default.js",
    "start": 1558712089171,
    "end": 1558712089172,
    "duration": 1,
    "pid": 9537,
    "index": 15
  },
  {
    "name": "Require(13) node_modules/egg-view-nunjucks/config/config.default.js",
    "start": 1558712089172,
    "end": 1558712089172,
    "duration": 0,
    "pid": 9537,
    "index": 16
  },
  {
    "name": "Require(14) node_modules/egg-mysql/config/config.default.js",
    "start": 1558712089173,
    "end": 1558712089173,
    "duration": 0,
    "pid": 9537,
    "index": 17
  },
  {
    "name": "Require(15) node_modules/egg/config/config.default.js",
    "start": 1558712089173,
    "end": 1558712089175,
    "duration": 2,
    "pid": 9537,
    "index": 18
  },
  {
    "name": "Require(16) config/config.default.js",
    "start": 1558712089176,
    "end": 1558712089176,
    "duration": 0,
    "pid": 9537,
    "index": 19
  },
  {
    "name": "Require(17) node_modules/egg-security/config/config.local.js",
    "start": 1558712089177,
    "end": 1558712089177,
    "duration": 0,
    "pid": 9537,
    "index": 20
  },
  {
    "name": "Require(18) node_modules/egg-watcher/config/config.local.js",
    "start": 1558712089178,
    "end": 1558712089178,
    "duration": 0,
    "pid": 9537,
    "index": 21
  },
  {
    "name": "Require(19) node_modules/egg-view/config/config.local.js",
    "start": 1558712089179,
    "end": 1558712089179,
    "duration": 0,
    "pid": 9537,
    "index": 22
  },
  {
    "name": "Require(20) node_modules/egg-view-nunjucks/config/config.local.js",
    "start": 1558712089179,
    "end": 1558712089180,
    "duration": 1,
    "pid": 9537,
    "index": 23
  },
  {
    "name": "Require(21) node_modules/egg/config/config.local.js",
    "start": 1558712089180,
    "end": 1558712089180,
    "duration": 0,
    "pid": 9537,
    "index": 24
  },
  {
    "name": "Load extend/application.js",
    "start": 1558712089185,
    "end": 1558712089298,
    "duration": 113,
    "pid": 9537,
    "index": 25
  },
  {
    "name": "Require(22) node_modules/egg-session/app/extend/application.js",
    "start": 1558712089186,
    "end": 1558712089186,
    "duration": 0,
    "pid": 9537,
    "index": 26
  },
  {
    "name": "Require(23) node_modules/egg-security/app/extend/application.js",
    "start": 1558712089187,
    "end": 1558712089187,
    "duration": 0,
    "pid": 9537,
    "index": 27
  },
  {
    "name": "Require(24) node_modules/egg-jsonp/app/extend/application.js",
    "start": 1558712089188,
    "end": 1558712089188,
    "duration": 0,
    "pid": 9537,
    "index": 28
  },
  {
    "name": "Require(25) node_modules/egg-logrotator/app/extend/application.js",
    "start": 1558712089189,
    "end": 1558712089190,
    "duration": 1,
    "pid": 9537,
    "index": 29
  },
  {
    "name": "Require(26) node_modules/egg-view/app/extend/application.js",
    "start": 1558712089190,
    "end": 1558712089191,
    "duration": 1,
    "pid": 9537,
    "index": 30
  },
  {
    "name": "Require(27) node_modules/egg-view-nunjucks/app/extend/application.js",
    "start": 1558712089191,
    "end": 1558712089296,
    "duration": 105,
    "pid": 9537,
    "index": 31
  },
  {
    "name": "Load extend/request.js",
    "start": 1558712089298,
    "end": 1558712089311,
    "duration": 13,
    "pid": 9537,
    "index": 32
  },
  {
    "name": "Require(28) node_modules/egg/app/extend/request.js",
    "start": 1558712089308,
    "end": 1558712089309,
    "duration": 1,
    "pid": 9537,
    "index": 33
  },
  {
    "name": "Load extend/response.js",
    "start": 1558712089311,
    "end": 1558712089341,
    "duration": 30,
    "pid": 9537,
    "index": 34
  },
  {
    "name": "Require(29) node_modules/egg/app/extend/response.js",
    "start": 1558712089335,
    "end": 1558712089337,
    "duration": 2,
    "pid": 9537,
    "index": 35
  },
  {
    "name": "Load extend/context.js",
    "start": 1558712089341,
    "end": 1558712089434,
    "duration": 93,
    "pid": 9537,
    "index": 36
  },
  {
    "name": "Require(30) node_modules/egg-security/app/extend/context.js",
    "start": 1558712089342,
    "end": 1558712089359,
    "duration": 17,
    "pid": 9537,
    "index": 37
  },
  {
    "name": "Require(31) node_modules/egg-jsonp/app/extend/context.js",
    "start": 1558712089359,
    "end": 1558712089360,
    "duration": 1,
    "pid": 9537,
    "index": 38
  },
  {
    "name": "Require(32) node_modules/egg-i18n/app/extend/context.js",
    "start": 1558712089360,
    "end": 1558712089361,
    "duration": 1,
    "pid": 9537,
    "index": 39
  },
  {
    "name": "Require(33) node_modules/egg-multipart/app/extend/context.js",
    "start": 1558712089361,
    "end": 1558712089422,
    "duration": 61,
    "pid": 9537,
    "index": 40
  },
  {
    "name": "Require(34) node_modules/egg-view/app/extend/context.js",
    "start": 1558712089422,
    "end": 1558712089430,
    "duration": 8,
    "pid": 9537,
    "index": 41
  },
  {
    "name": "Require(35) node_modules/egg/app/extend/context.js",
    "start": 1558712089430,
    "end": 1558712089432,
    "duration": 2,
    "pid": 9537,
    "index": 42
  },
  {
    "name": "Load extend/helper.js",
    "start": 1558712089434,
    "end": 1558712089458,
    "duration": 24,
    "pid": 9537,
    "index": 43
  },
  {
    "name": "Require(36) node_modules/egg-security/app/extend/helper.js",
    "start": 1558712089438,
    "end": 1558712089455,
    "duration": 17,
    "pid": 9537,
    "index": 44
  },
  {
    "name": "Require(37) node_modules/egg/app/extend/helper.js",
    "start": 1558712089456,
    "end": 1558712089457,
    "duration": 1,
    "pid": 9537,
    "index": 45
  },
  {
    "name": "Load app.js",
    "start": 1558712089458,
    "end": 1558712089522,
    "duration": 64,
    "pid": 9537,
    "index": 46
  },
  {
    "name": "Require(38) node_modules/egg-session/app.js",
    "start": 1558712089458,
    "end": 1558712089459,
    "duration": 1,
    "pid": 9537,
    "index": 47
  },
  {
    "name": "Require(39) node_modules/egg-security/app.js",
    "start": 1558712089459,
    "end": 1558712089460,
    "duration": 1,
    "pid": 9537,
    "index": 48
  },
  {
    "name": "Require(40) node_modules/egg-onerror/app.js",
    "start": 1558712089460,
    "end": 1558712089470,
    "duration": 10,
    "pid": 9537,
    "index": 49
  },
  {
    "name": "Require(41) node_modules/egg-i18n/app.js",
    "start": 1558712089471,
    "end": 1558712089494,
    "duration": 23,
    "pid": 9537,
    "index": 50
  },
  {
    "name": "Require(42) node_modules/egg-watcher/app.js",
    "start": 1558712089498,
    "end": 1558712089502,
    "duration": 4,
    "pid": 9537,
    "index": 51
  },
  {
    "name": "Require(43) node_modules/egg-schedule/app.js",
    "start": 1558712089502,
    "end": 1558712089503,
    "duration": 1,
    "pid": 9537,
    "index": 52
  },
  {
    "name": "Require(44) node_modules/egg-multipart/app.js",
    "start": 1558712089506,
    "end": 1558712089508,
    "duration": 2,
    "pid": 9537,
    "index": 53
  },
  {
    "name": "Require(45) node_modules/egg-development/app.js",
    "start": 1558712089508,
    "end": 1558712089508,
    "duration": 0,
    "pid": 9537,
    "index": 54
  },
  {
    "name": "Require(46) node_modules/egg-logrotator/app.js",
    "start": 1558712089508,
    "end": 1558712089508,
    "duration": 0,
    "pid": 9537,
    "index": 55
  },
  {
    "name": "Require(47) node_modules/egg-static/app.js",
    "start": 1558712089509,
    "end": 1558712089509,
    "duration": 0,
    "pid": 9537,
    "index": 56
  },
  {
    "name": "Require(48) node_modules/egg-view-nunjucks/app.js",
    "start": 1558712089509,
    "end": 1558712089509,
    "duration": 0,
    "pid": 9537,
    "index": 57
  },
  {
    "name": "Require(49) node_modules/egg-mysql/app.js",
    "start": 1558712089509,
    "end": 1558712089521,
    "duration": 12,
    "pid": 9537,
    "index": 58
  },
  {
    "name": "Before Start in node_modules/egg-watcher/lib/init.js:15:14",
    "start": 1558712089540,
    "end": 1558712089916,
    "duration": 376,
    "pid": 9537,
    "index": 59
  },
  {
    "name": "Before Start in node_modules/egg-mysql/lib/mysql.js:20:7",
    "start": 1558712089714,
    "end": 1558712089928,
    "duration": 214,
    "pid": 9537,
    "index": 60
  },
  {
    "name": "Load Service",
    "start": 1558712089716,
    "end": 1558712089723,
    "duration": 7,
    "pid": 9537,
    "index": 61
  },
  {
    "name": "Load \"service\" to Context",
    "start": 1558712089716,
    "end": 1558712089723,
    "duration": 7,
    "pid": 9537,
    "index": 62
  },
  {
    "name": "Load Middleware",
    "start": 1558712089724,
    "end": 1558712089842,
    "duration": 118,
    "pid": 9537,
    "index": 63
  },
  {
    "name": "Load \"middlewares\" to Application",
    "start": 1558712089724,
    "end": 1558712089815,
    "duration": 91,
    "pid": 9537,
    "index": 64
  },
  {
    "name": "Load Controller",
    "start": 1558712089842,
    "end": 1558712089846,
    "duration": 4,
    "pid": 9537,
    "index": 65
  },
  {
    "name": "Load \"controller\" to Application",
    "start": 1558712089842,
    "end": 1558712089846,
    "duration": 4,
    "pid": 9537,
    "index": 66
  },
  {
    "name": "Load Router",
    "start": 1558712089846,
    "end": 1558712089855,
    "duration": 9,
    "pid": 9537,
    "index": 67
  },
  {
    "name": "Require(50) app/router.js",
    "start": 1558712089847,
    "end": 1558712089848,
    "duration": 1,
    "pid": 9537,
    "index": 68
  },
  {
    "name": "Before Start in node_modules/egg-core/lib/egg.js:303:10",
    "start": 1558712089849,
    "end": 1558712089887,
    "duration": 38,
    "pid": 9537,
    "index": 69
  }
]