[
  {
    "name": "Application Start",
    "start": 1558712011199,
    "end": 1558712011763,
    "duration": 564,
    "pid": 9501,
    "index": 0
  },
  {
    "name": "Load Plugin",
    "start": 1558712011205,
    "end": 1558712011220,
    "duration": 15,
    "pid": 9501,
    "index": 1
  },
  {
    "name": "Load Config",
    "start": 1558712011220,
    "end": 1558712011241,
    "duration": 21,
    "pid": 9501,
    "index": 2
  },
  {
    "name": "Require(0) config/config.default.js",
    "start": 1558712011221,
    "end": 1558712011222,
    "duration": 1,
    "pid": 9501,
    "index": 3
  },
  {
    "name": "Require(1) node_modules/egg-session/config/config.default.js",
    "start": 1558712011223,
    "end": 1558712011223,
    "duration": 0,
    "pid": 9501,
    "index": 4
  },
  {
    "name": "Require(2) node_modules/egg-security/config/config.default.js",
    "start": 1558712011224,
    "end": 1558712011224,
    "duration": 0,
    "pid": 9501,
    "index": 5
  },
  {
    "name": "Require(3) node_modules/egg-jsonp/config/config.default.js",
    "start": 1558712011225,
    "end": 1558712011225,
    "duration": 0,
    "pid": 9501,
    "index": 6
  },
  {
    "name": "Require(4) node_modules/egg-onerror/config/config.default.js",
    "start": 1558712011225,
    "end": 1558712011226,
    "duration": 1,
    "pid": 9501,
    "index": 7
  },
  {
    "name": "Require(5) node_modules/egg-i18n/config/config.default.js",
    "start": 1558712011226,
    "end": 1558712011227,
    "duration": 1,
    "pid": 9501,
    "index": 8
  },
  {
    "name": "Require(6) node_modules/egg-watcher/config/config.default.js",
    "start": 1558712011227,
    "end": 1558712011228,
    "duration": 1,
    "pid": 9501,
    "index": 9
  },
  {
    "name": "Require(7) node_modules/egg-schedule/config/config.default.js",
    "start": 1558712011228,
    "end": 1558712011228,
    "duration": 0,
    "pid": 9501,
    "index": 10
  },
  {
    "name": "Require(8) node_modules/egg-multipart/config/config.default.js",
    "start": 1558712011228,
    "end": 1558712011229,
    "duration": 1,
    "pid": 9501,
    "index": 11
  },
  {
    "name": "Require(9) node_modules/egg-development/config/config.default.js",
    "start": 1558712011229,
    "end": 1558712011230,
    "duration": 1,
    "pid": 9501,
    "index": 12
  },
  {
    "name": "Require(10) node_modules/egg-logrotator/config/config.default.js",
    "start": 1558712011230,
    "end": 1558712011230,
    "duration": 0,
    "pid": 9501,
    "index": 13
  },
  {
    "name": "Require(11) node_modules/egg-static/config/config.default.js",
    "start": 1558712011230,
    "end": 1558712011231,
    "duration": 1,
    "pid": 9501,
    "index": 14
  },
  {
    "name": "Require(12) node_modules/egg-view/config/config.default.js",
    "start": 1558712011231,
    "end": 1558712011232,
    "duration": 1,
    "pid": 9501,
    "index": 15
  },
  {
    "name": "Require(13) node_modules/egg-view-nunjucks/config/config.default.js",
    "start": 1558712011232,
    "end": 1558712011233,
    "duration": 1,
    "pid": 9501,
    "index": 16
  },
  {
    "name": "Require(14) node_modules/egg-mysql/config/config.default.js",
    "start": 1558712011233,
    "end": 1558712011234,
    "duration": 1,
    "pid": 9501,
    "index": 17
  },
  {
    "name": "Require(15) node_modules/egg/config/config.default.js",
    "start": 1558712011234,
    "end": 1558712011235,
    "duration": 1,
    "pid": 9501,
    "index": 18
  },
  {
    "name": "Require(16) config/config.default.js",
    "start": 1558712011236,
    "end": 1558712011236,
    "duration": 0,
    "pid": 9501,
    "index": 19
  },
  {
    "name": "Require(17) node_modules/egg-security/config/config.local.js",
    "start": 1558712011237,
    "end": 1558712011238,
    "duration": 1,
    "pid": 9501,
    "index": 20
  },
  {
    "name": "Require(18) node_modules/egg-watcher/config/config.local.js",
    "start": 1558712011238,
    "end": 1558712011239,
    "duration": 1,
    "pid": 9501,
    "index": 21
  },
  {
    "name": "Require(19) node_modules/egg-view/config/config.local.js",
    "start": 1558712011239,
    "end": 1558712011240,
    "duration": 1,
    "pid": 9501,
    "index": 22
  },
  {
    "name": "Require(20) node_modules/egg-view-nunjucks/config/config.local.js",
    "start": 1558712011240,
    "end": 1558712011240,
    "duration": 0,
    "pid": 9501,
    "index": 23
  },
  {
    "name": "Require(21) node_modules/egg/config/config.local.js",
    "start": 1558712011241,
    "end": 1558712011241,
    "duration": 0,
    "pid": 9501,
    "index": 24
  },
  {
    "name": "Load extend/application.js",
    "start": 1558712011243,
    "end": 1558712011294,
    "duration": 51,
    "pid": 9501,
    "index": 25
  },
  {
    "name": "Require(22) node_modules/egg-session/app/extend/application.js",
    "start": 1558712011243,
    "end": 1558712011245,
    "duration": 2,
    "pid": 9501,
    "index": 26
  },
  {
    "name": "Require(23) node_modules/egg-security/app/extend/application.js",
    "start": 1558712011245,
    "end": 1558712011246,
    "duration": 1,
    "pid": 9501,
    "index": 27
  },
  {
    "name": "Require(24) node_modules/egg-jsonp/app/extend/application.js",
    "start": 1558712011246,
    "end": 1558712011247,
    "duration": 1,
    "pid": 9501,
    "index": 28
  },
  {
    "name": "Require(25) node_modules/egg-logrotator/app/extend/application.js",
    "start": 1558712011248,
    "end": 1558712011249,
    "duration": 1,
    "pid": 9501,
    "index": 29
  },
  {
    "name": "Require(26) node_modules/egg-view/app/extend/application.js",
    "start": 1558712011249,
    "end": 1558712011251,
    "duration": 2,
    "pid": 9501,
    "index": 30
  },
  {
    "name": "Require(27) node_modules/egg-view-nunjucks/app/extend/application.js",
    "start": 1558712011251,
    "end": 1558712011293,
    "duration": 42,
    "pid": 9501,
    "index": 31
  },
  {
    "name": "Load extend/request.js",
    "start": 1558712011294,
    "end": 1558712011297,
    "duration": 3,
    "pid": 9501,
    "index": 32
  },
  {
    "name": "Require(28) node_modules/egg/app/extend/request.js",
    "start": 1558712011295,
    "end": 1558712011296,
    "duration": 1,
    "pid": 9501,
    "index": 33
  },
  {
    "name": "Load extend/response.js",
    "start": 1558712011297,
    "end": 1558712011299,
    "duration": 2,
    "pid": 9501,
    "index": 34
  },
  {
    "name": "Require(29) node_modules/egg/app/extend/response.js",
    "start": 1558712011298,
    "end": 1558712011299,
    "duration": 1,
    "pid": 9501,
    "index": 35
  },
  {
    "name": "Load extend/context.js",
    "start": 1558712011299,
    "end": 1558712011368,
    "duration": 69,
    "pid": 9501,
    "index": 36
  },
  {
    "name": "Require(30) node_modules/egg-security/app/extend/context.js",
    "start": 1558712011300,
    "end": 1558712011311,
    "duration": 11,
    "pid": 9501,
    "index": 37
  },
  {
    "name": "Require(31) node_modules/egg-jsonp/app/extend/context.js",
    "start": 1558712011312,
    "end": 1558712011313,
    "duration": 1,
    "pid": 9501,
    "index": 38
  },
  {
    "name": "Require(32) node_modules/egg-i18n/app/extend/context.js",
    "start": 1558712011313,
    "end": 1558712011314,
    "duration": 1,
    "pid": 9501,
    "index": 39
  },
  {
    "name": "Require(33) node_modules/egg-multipart/app/extend/context.js",
    "start": 1558712011315,
    "end": 1558712011362,
    "duration": 47,
    "pid": 9501,
    "index": 40
  },
  {
    "name": "Require(34) node_modules/egg-view/app/extend/context.js",
    "start": 1558712011362,
    "end": 1558712011364,
    "duration": 2,
    "pid": 9501,
    "index": 41
  },
  {
    "name": "Require(35) node_modules/egg/app/extend/context.js",
    "start": 1558712011365,
    "end": 1558712011366,
    "duration": 1,
    "pid": 9501,
    "index": 42
  },
  {
    "name": "Load extend/helper.js",
    "start": 1558712011368,
    "end": 1558712011390,
    "duration": 22,
    "pid": 9501,
    "index": 43
  },
  {
    "name": "Require(36) node_modules/egg-security/app/extend/helper.js",
    "start": 1558712011368,
    "end": 1558712011387,
    "duration": 19,
    "pid": 9501,
    "index": 44
  },
  {
    "name": "Require(37) node_modules/egg/app/extend/helper.js",
    "start": 1558712011388,
    "end": 1558712011389,
    "duration": 1,
    "pid": 9501,
    "index": 45
  },
  {
    "name": "Load app.js",
    "start": 1558712011390,
    "end": 1558712011453,
    "duration": 63,
    "pid": 9501,
    "index": 46
  },
  {
    "name": "Require(38) node_modules/egg-session/app.js",
    "start": 1558712011391,
    "end": 1558712011391,
    "duration": 0,
    "pid": 9501,
    "index": 47
  },
  {
    "name": "Require(39) node_modules/egg-security/app.js",
    "start": 1558712011391,
    "end": 1558712011393,
    "duration": 2,
    "pid": 9501,
    "index": 48
  },
  {
    "name": "Require(40) node_modules/egg-onerror/app.js",
    "start": 1558712011394,
    "end": 1558712011406,
    "duration": 12,
    "pid": 9501,
    "index": 49
  },
  {
    "name": "Require(41) node_modules/egg-i18n/app.js",
    "start": 1558712011407,
    "end": 1558712011422,
    "duration": 15,
    "pid": 9501,
    "index": 50
  },
  {
    "name": "Require(42) node_modules/egg-watcher/app.js",
    "start": 1558712011422,
    "end": 1558712011427,
    "duration": 5,
    "pid": 9501,
    "index": 51
  },
  {
    "name": "Require(43) node_modules/egg-schedule/app.js",
    "start": 1558712011427,
    "end": 1558712011428,
    "duration": 1,
    "pid": 9501,
    "index": 52
  },
  {
    "name": "Require(44) node_modules/egg-multipart/app.js",
    "start": 1558712011429,
    "end": 1558712011432,
    "duration": 3,
    "pid": 9501,
    "index": 53
  },
  {
    "name": "Require(45) node_modules/egg-development/app.js",
    "start": 1558712011432,
    "end": 1558712011432,
    "duration": 0,
    "pid": 9501,
    "index": 54
  },
  {
    "name": "Require(46) node_modules/egg-logrotator/app.js",
    "start": 1558712011432,
    "end": 1558712011433,
    "duration": 1,
    "pid": 9501,
    "index": 55
  },
  {
    "name": "Require(47) node_modules/egg-static/app.js",
    "start": 1558712011433,
    "end": 1558712011434,
    "duration": 1,
    "pid": 9501,
    "index": 56
  },
  {
    "name": "Require(48) node_modules/egg-view-nunjucks/app.js",
    "start": 1558712011434,
    "end": 1558712011434,
    "duration": 0,
    "pid": 9501,
    "index": 57
  },
  {
    "name": "Require(49) node_modules/egg-mysql/app.js",
    "start": 1558712011434,
    "end": 1558712011453,
    "duration": 19,
    "pid": 9501,
    "index": 58
  },
  {
    "name": "Before Start in node_modules/egg-watcher/lib/init.js:15:14",
    "start": 1558712011466,
    "end": 1558712011760,
    "duration": 294,
    "pid": 9501,
    "index": 59
  },
  {
    "name": "Before Start in node_modules/egg-mysql/lib/mysql.js:20:7",
    "start": 1558712011602,
    "end": 1558712011763,
    "duration": 161,
    "pid": 9501,
    "index": 60
  },
  {
    "name": "Load Service",
    "start": 1558712011602,
    "end": 1558712011606,
    "duration": 4,
    "pid": 9501,
    "index": 61
  },
  {
    "name": "Load \"service\" to Context",
    "start": 1558712011602,
    "end": 1558712011606,
    "duration": 4,
    "pid": 9501,
    "index": 62
  },
  {
    "name": "Load Middleware",
    "start": 1558712011606,
    "end": 1558712011723,
    "duration": 117,
    "pid": 9501,
    "index": 63
  },
  {
    "name": "Load \"middlewares\" to Application",
    "start": 1558712011606,
    "end": 1558712011712,
    "duration": 106,
    "pid": 9501,
    "index": 64
  },
  {
    "name": "Load Controller",
    "start": 1558712011723,
    "end": 1558712011725,
    "duration": 2,
    "pid": 9501,
    "index": 65
  },
  {
    "name": "Load \"controller\" to Application",
    "start": 1558712011723,
    "end": 1558712011725,
    "duration": 2,
    "pid": 9501,
    "index": 66
  },
  {
    "name": "Load Router",
    "start": 1558712011726,
    "end": 1558712011730,
    "duration": 4,
    "pid": 9501,
    "index": 67
  },
  {
    "name": "Require(50) app/router.js",
    "start": 1558712011726,
    "end": 1558712011726,
    "duration": 0,
    "pid": 9501,
    "index": 68
  },
  {
    "name": "Before Start in node_modules/egg-core/lib/egg.js:303:10",
    "start": 1558712011728,
    "end": 1558712011747,
    "duration": 19,
    "pid": 9501,
    "index": 69
  }
]