[
  {
    "name": "Application Start",
    "start": 1558706507241,
    "end": 1558706507724,
    "duration": 483,
    "pid": 8537,
    "index": 0
  },
  {
    "name": "Load Plugin",
    "start": 1558706507245,
    "end": 1558706507252,
    "duration": 7,
    "pid": 8537,
    "index": 1
  },
  {
    "name": "Load Config",
    "start": 1558706507252,
    "end": 1558706507263,
    "duration": 11,
    "pid": 8537,
    "index": 2
  },
  {
    "name": "Require(0) config/config.default.js",
    "start": 1558706507252,
    "end": 1558706507252,
    "duration": 0,
    "pid": 8537,
    "index": 3
  },
  {
    "name": "Require(1) node_modules/egg-session/config/config.default.js",
    "start": 1558706507254,
    "end": 1558706507254,
    "duration": 0,
    "pid": 8537,
    "index": 4
  },
  {
    "name": "Require(2) node_modules/egg-security/config/config.default.js",
    "start": 1558706507254,
    "end": 1558706507254,
    "duration": 0,
    "pid": 8537,
    "index": 5
  },
  {
    "name": "Require(3) node_modules/egg-jsonp/config/config.default.js",
    "start": 1558706507255,
    "end": 1558706507255,
    "duration": 0,
    "pid": 8537,
    "index": 6
  },
  {
    "name": "Require(4) node_modules/egg-onerror/config/config.default.js",
    "start": 1558706507255,
    "end": 1558706507255,
    "duration": 0,
    "pid": 8537,
    "index": 7
  },
  {
    "name": "Require(5) node_modules/egg-i18n/config/config.default.js",
    "start": 1558706507256,
    "end": 1558706507256,
    "duration": 0,
    "pid": 8537,
    "index": 8
  },
  {
    "name": "Require(6) node_modules/egg-watcher/config/config.default.js",
    "start": 1558706507256,
    "end": 1558706507256,
    "duration": 0,
    "pid": 8537,
    "index": 9
  },
  {
    "name": "Require(7) node_modules/egg-schedule/config/config.default.js",
    "start": 1558706507256,
    "end": 1558706507256,
    "duration": 0,
    "pid": 8537,
    "index": 10
  },
  {
    "name": "Require(8) node_modules/egg-multipart/config/config.default.js",
    "start": 1558706507257,
    "end": 1558706507257,
    "duration": 0,
    "pid": 8537,
    "index": 11
  },
  {
    "name": "Require(9) node_modules/egg-development/config/config.default.js",
    "start": 1558706507257,
    "end": 1558706507257,
    "duration": 0,
    "pid": 8537,
    "index": 12
  },
  {
    "name": "Require(10) node_modules/egg-logrotator/config/config.default.js",
    "start": 1558706507258,
    "end": 1558706507258,
    "duration": 0,
    "pid": 8537,
    "index": 13
  },
  {
    "name": "Require(11) node_modules/egg-static/config/config.default.js",
    "start": 1558706507258,
    "end": 1558706507258,
    "duration": 0,
    "pid": 8537,
    "index": 14
  },
  {
    "name": "Require(12) node_modules/egg-view/config/config.default.js",
    "start": 1558706507258,
    "end": 1558706507259,
    "duration": 1,
    "pid": 8537,
    "index": 15
  },
  {
    "name": "Require(13) node_modules/egg-view-nunjucks/config/config.default.js",
    "start": 1558706507259,
    "end": 1558706507259,
    "duration": 0,
    "pid": 8537,
    "index": 16
  },
  {
    "name": "Require(14) node_modules/egg-mysql/config/config.default.js",
    "start": 1558706507259,
    "end": 1558706507259,
    "duration": 0,
    "pid": 8537,
    "index": 17
  },
  {
    "name": "Require(15) node_modules/egg/config/config.default.js",
    "start": 1558706507259,
    "end": 1558706507260,
    "duration": 1,
    "pid": 8537,
    "index": 18
  },
  {
    "name": "Require(16) config/config.default.js",
    "start": 1558706507261,
    "end": 1558706507261,
    "duration": 0,
    "pid": 8537,
    "index": 19
  },
  {
    "name": "Require(17) node_modules/egg-security/config/config.local.js",
    "start": 1558706507261,
    "end": 1558706507261,
    "duration": 0,
    "pid": 8537,
    "index": 20
  },
  {
    "name": "Require(18) node_modules/egg-watcher/config/config.local.js",
    "start": 1558706507262,
    "end": 1558706507262,
    "duration": 0,
    "pid": 8537,
    "index": 21
  },
  {
    "name": "Require(19) node_modules/egg-view/config/config.local.js",
    "start": 1558706507262,
    "end": 1558706507262,
    "duration": 0,
    "pid": 8537,
    "index": 22
  },
  {
    "name": "Require(20) node_modules/egg-view-nunjucks/config/config.local.js",
    "start": 1558706507262,
    "end": 1558706507262,
    "duration": 0,
    "pid": 8537,
    "index": 23
  },
  {
    "name": "Require(21) node_modules/egg/config/config.local.js",
    "start": 1558706507263,
    "end": 1558706507263,
    "duration": 0,
    "pid": 8537,
    "index": 24
  },
  {
    "name": "Load extend/application.js",
    "start": 1558706507264,
    "end": 1558706507315,
    "duration": 51,
    "pid": 8537,
    "index": 25
  },
  {
    "name": "Require(22) node_modules/egg-session/app/extend/application.js",
    "start": 1558706507266,
    "end": 1558706507267,
    "duration": 1,
    "pid": 8537,
    "index": 26
  },
  {
    "name": "Require(23) node_modules/egg-security/app/extend/application.js",
    "start": 1558706507267,
    "end": 1558706507268,
    "duration": 1,
    "pid": 8537,
    "index": 27
  },
  {
    "name": "Require(24) node_modules/egg-jsonp/app/extend/application.js",
    "start": 1558706507269,
    "end": 1558706507270,
    "duration": 1,
    "pid": 8537,
    "index": 28
  },
  {
    "name": "Require(25) node_modules/egg-logrotator/app/extend/application.js",
    "start": 1558706507270,
    "end": 1558706507271,
    "duration": 1,
    "pid": 8537,
    "index": 29
  },
  {
    "name": "Require(26) node_modules/egg-view/app/extend/application.js",
    "start": 1558706507272,
    "end": 1558706507273,
    "duration": 1,
    "pid": 8537,
    "index": 30
  },
  {
    "name": "Require(27) node_modules/egg-view-nunjucks/app/extend/application.js",
    "start": 1558706507274,
    "end": 1558706507314,
    "duration": 40,
    "pid": 8537,
    "index": 31
  },
  {
    "name": "Load extend/request.js",
    "start": 1558706507315,
    "end": 1558706507318,
    "duration": 3,
    "pid": 8537,
    "index": 32
  },
  {
    "name": "Require(28) node_modules/egg/app/extend/request.js",
    "start": 1558706507317,
    "end": 1558706507317,
    "duration": 0,
    "pid": 8537,
    "index": 33
  },
  {
    "name": "Load extend/response.js",
    "start": 1558706507318,
    "end": 1558706507321,
    "duration": 3,
    "pid": 8537,
    "index": 34
  },
  {
    "name": "Require(29) node_modules/egg/app/extend/response.js",
    "start": 1558706507319,
    "end": 1558706507320,
    "duration": 1,
    "pid": 8537,
    "index": 35
  },
  {
    "name": "Load extend/context.js",
    "start": 1558706507321,
    "end": 1558706507354,
    "duration": 33,
    "pid": 8537,
    "index": 36
  },
  {
    "name": "Require(30) node_modules/egg-security/app/extend/context.js",
    "start": 1558706507321,
    "end": 1558706507326,
    "duration": 5,
    "pid": 8537,
    "index": 37
  },
  {
    "name": "Require(31) node_modules/egg-jsonp/app/extend/context.js",
    "start": 1558706507326,
    "end": 1558706507326,
    "duration": 0,
    "pid": 8537,
    "index": 38
  },
  {
    "name": "Require(32) node_modules/egg-i18n/app/extend/context.js",
    "start": 1558706507327,
    "end": 1558706507327,
    "duration": 0,
    "pid": 8537,
    "index": 39
  },
  {
    "name": "Require(33) node_modules/egg-multipart/app/extend/context.js",
    "start": 1558706507327,
    "end": 1558706507352,
    "duration": 25,
    "pid": 8537,
    "index": 40
  },
  {
    "name": "Require(34) node_modules/egg-view/app/extend/context.js",
    "start": 1558706507352,
    "end": 1558706507353,
    "duration": 1,
    "pid": 8537,
    "index": 41
  },
  {
    "name": "Require(35) node_modules/egg/app/extend/context.js",
    "start": 1558706507353,
    "end": 1558706507353,
    "duration": 0,
    "pid": 8537,
    "index": 42
  },
  {
    "name": "Load extend/helper.js",
    "start": 1558706507354,
    "end": 1558706507377,
    "duration": 23,
    "pid": 8537,
    "index": 43
  },
  {
    "name": "Require(36) node_modules/egg-security/app/extend/helper.js",
    "start": 1558706507354,
    "end": 1558706507375,
    "duration": 21,
    "pid": 8537,
    "index": 44
  },
  {
    "name": "Require(37) node_modules/egg/app/extend/helper.js",
    "start": 1558706507376,
    "end": 1558706507376,
    "duration": 0,
    "pid": 8537,
    "index": 45
  },
  {
    "name": "Load app.js",
    "start": 1558706507377,
    "end": 1558706507437,
    "duration": 60,
    "pid": 8537,
    "index": 46
  },
  {
    "name": "Require(38) node_modules/egg-session/app.js",
    "start": 1558706507377,
    "end": 1558706507378,
    "duration": 1,
    "pid": 8537,
    "index": 47
  },
  {
    "name": "Require(39) node_modules/egg-security/app.js",
    "start": 1558706507378,
    "end": 1558706507380,
    "duration": 2,
    "pid": 8537,
    "index": 48
  },
  {
    "name": "Require(40) node_modules/egg-onerror/app.js",
    "start": 1558706507380,
    "end": 1558706507394,
    "duration": 14,
    "pid": 8537,
    "index": 49
  },
  {
    "name": "Require(41) node_modules/egg-i18n/app.js",
    "start": 1558706507395,
    "end": 1558706507413,
    "duration": 18,
    "pid": 8537,
    "index": 50
  },
  {
    "name": "Require(42) node_modules/egg-watcher/app.js",
    "start": 1558706507413,
    "end": 1558706507415,
    "duration": 2,
    "pid": 8537,
    "index": 51
  },
  {
    "name": "Require(43) node_modules/egg-schedule/app.js",
    "start": 1558706507415,
    "end": 1558706507417,
    "duration": 2,
    "pid": 8537,
    "index": 52
  },
  {
    "name": "Require(44) node_modules/egg-multipart/app.js",
    "start": 1558706507417,
    "end": 1558706507422,
    "duration": 5,
    "pid": 8537,
    "index": 53
  },
  {
    "name": "Require(45) node_modules/egg-development/app.js",
    "start": 1558706507423,
    "end": 1558706507423,
    "duration": 0,
    "pid": 8537,
    "index": 54
  },
  {
    "name": "Require(46) node_modules/egg-logrotator/app.js",
    "start": 1558706507424,
    "end": 1558706507425,
    "duration": 1,
    "pid": 8537,
    "index": 55
  },
  {
    "name": "Require(47) node_modules/egg-static/app.js",
    "start": 1558706507425,
    "end": 1558706507426,
    "duration": 1,
    "pid": 8537,
    "index": 56
  },
  {
    "name": "Require(48) node_modules/egg-view-nunjucks/app.js",
    "start": 1558706507427,
    "end": 1558706507427,
    "duration": 0,
    "pid": 8537,
    "index": 57
  },
  {
    "name": "Require(49) node_modules/egg-mysql/app.js",
    "start": 1558706507427,
    "end": 1558706507437,
    "duration": 10,
    "pid": 8537,
    "index": 58
  },
  {
    "name": "Before Start in node_modules/egg-watcher/lib/init.js:15:14",
    "start": 1558706507446,
    "end": 1558706507701,
    "duration": 255,
    "pid": 8537,
    "index": 59
  },
  {
    "name": "Before Start in node_modules/egg-mysql/lib/mysql.js:20:7",
    "start": 1558706507560,
    "end": 1558706507723,
    "duration": 163,
    "pid": 8537,
    "index": 60
  },
  {
    "name": "Load Service",
    "start": 1558706507560,
    "end": 1558706507563,
    "duration": 3,
    "pid": 8537,
    "index": 61
  },
  {
    "name": "Load \"service\" to Context",
    "start": 1558706507560,
    "end": 1558706507563,
    "duration": 3,
    "pid": 8537,
    "index": 62
  },
  {
    "name": "Load Middleware",
    "start": 1558706507563,
    "end": 1558706507676,
    "duration": 113,
    "pid": 8537,
    "index": 63
  },
  {
    "name": "Load \"middlewares\" to Application",
    "start": 1558706507563,
    "end": 1558706507665,
    "duration": 102,
    "pid": 8537,
    "index": 64
  },
  {
    "name": "Load Controller",
    "start": 1558706507677,
    "end": 1558706507678,
    "duration": 1,
    "pid": 8537,
    "index": 65
  },
  {
    "name": "Load \"controller\" to Application",
    "start": 1558706507677,
    "end": 1558706507678,
    "duration": 1,
    "pid": 8537,
    "index": 66
  },
  {
    "name": "Load Router",
    "start": 1558706507678,
    "end": 1558706507680,
    "duration": 2,
    "pid": 8537,
    "index": 67
  },
  {
    "name": "Require(50) app/router.js",
    "start": 1558706507678,
    "end": 1558706507679,
    "duration": 1,
    "pid": 8537,
    "index": 68
  },
  {
    "name": "Before Start in node_modules/egg-core/lib/egg.js:303:10",
    "start": 1558706507679,
    "end": 1558706507690,
    "duration": 11,
    "pid": 8537,
    "index": 69
  }
]