[
  {
    "name": "Application Start",
    "start": 1558712159438,
    "end": 1558712159825,
    "duration": 387,
    "pid": 9554,
    "index": 0
  },
  {
    "name": "Load Plugin",
    "start": 1558712159443,
    "end": 1558712159453,
    "duration": 10,
    "pid": 9554,
    "index": 1
  },
  {
    "name": "Load Config",
    "start": 1558712159453,
    "end": 1558712159471,
    "duration": 18,
    "pid": 9554,
    "index": 2
  },
  {
    "name": "Require(0) config/config.default.js",
    "start": 1558712159453,
    "end": 1558712159454,
    "duration": 1,
    "pid": 9554,
    "index": 3
  },
  {
    "name": "Require(1) node_modules/egg-session/config/config.default.js",
    "start": 1558712159455,
    "end": 1558712159455,
    "duration": 0,
    "pid": 9554,
    "index": 4
  },
  {
    "name": "Require(2) node_modules/egg-security/config/config.default.js",
    "start": 1558712159455,
    "end": 1558712159456,
    "duration": 1,
    "pid": 9554,
    "index": 5
  },
  {
    "name": "Require(3) node_modules/egg-jsonp/config/config.default.js",
    "start": 1558712159457,
    "end": 1558712159457,
    "duration": 0,
    "pid": 9554,
    "index": 6
  },
  {
    "name": "Require(4) node_modules/egg-onerror/config/config.default.js",
    "start": 1558712159457,
    "end": 1558712159458,
    "duration": 1,
    "pid": 9554,
    "index": 7
  },
  {
    "name": "Require(5) node_modules/egg-i18n/config/config.default.js",
    "start": 1558712159458,
    "end": 1558712159458,
    "duration": 0,
    "pid": 9554,
    "index": 8
  },
  {
    "name": "Require(6) node_modules/egg-watcher/config/config.default.js",
    "start": 1558712159459,
    "end": 1558712159459,
    "duration": 0,
    "pid": 9554,
    "index": 9
  },
  {
    "name": "Require(7) node_modules/egg-schedule/config/config.default.js",
    "start": 1558712159459,
    "end": 1558712159459,
    "duration": 0,
    "pid": 9554,
    "index": 10
  },
  {
    "name": "Require(8) node_modules/egg-multipart/config/config.default.js",
    "start": 1558712159460,
    "end": 1558712159460,
    "duration": 0,
    "pid": 9554,
    "index": 11
  },
  {
    "name": "Require(9) node_modules/egg-development/config/config.default.js",
    "start": 1558712159460,
    "end": 1558712159461,
    "duration": 1,
    "pid": 9554,
    "index": 12
  },
  {
    "name": "Require(10) node_modules/egg-logrotator/config/config.default.js",
    "start": 1558712159461,
    "end": 1558712159461,
    "duration": 0,
    "pid": 9554,
    "index": 13
  },
  {
    "name": "Require(11) node_modules/egg-static/config/config.default.js",
    "start": 1558712159461,
    "end": 1558712159462,
    "duration": 1,
    "pid": 9554,
    "index": 14
  },
  {
    "name": "Require(12) node_modules/egg-view/config/config.default.js",
    "start": 1558712159462,
    "end": 1558712159462,
    "duration": 0,
    "pid": 9554,
    "index": 15
  },
  {
    "name": "Require(13) node_modules/egg-view-nunjucks/config/config.default.js",
    "start": 1558712159463,
    "end": 1558712159463,
    "duration": 0,
    "pid": 9554,
    "index": 16
  },
  {
    "name": "Require(14) node_modules/egg-mysql/config/config.default.js",
    "start": 1558712159463,
    "end": 1558712159464,
    "duration": 1,
    "pid": 9554,
    "index": 17
  },
  {
    "name": "Require(15) node_modules/egg/config/config.default.js",
    "start": 1558712159464,
    "end": 1558712159464,
    "duration": 0,
    "pid": 9554,
    "index": 18
  },
  {
    "name": "Require(16) config/config.default.js",
    "start": 1558712159466,
    "end": 1558712159466,
    "duration": 0,
    "pid": 9554,
    "index": 19
  },
  {
    "name": "Require(17) node_modules/egg-security/config/config.local.js",
    "start": 1558712159466,
    "end": 1558712159466,
    "duration": 0,
    "pid": 9554,
    "index": 20
  },
  {
    "name": "Require(18) node_modules/egg-watcher/config/config.local.js",
    "start": 1558712159467,
    "end": 1558712159467,
    "duration": 0,
    "pid": 9554,
    "index": 21
  },
  {
    "name": "Require(19) node_modules/egg-view/config/config.local.js",
    "start": 1558712159468,
    "end": 1558712159468,
    "duration": 0,
    "pid": 9554,
    "index": 22
  },
  {
    "name": "Require(20) node_modules/egg-view-nunjucks/config/config.local.js",
    "start": 1558712159469,
    "end": 1558712159469,
    "duration": 0,
    "pid": 9554,
    "index": 23
  },
  {
    "name": "Require(21) node_modules/egg/config/config.local.js",
    "start": 1558712159470,
    "end": 1558712159471,
    "duration": 1,
    "pid": 9554,
    "index": 24
  },
  {
    "name": "Load extend/application.js",
    "start": 1558712159472,
    "end": 1558712159504,
    "duration": 32,
    "pid": 9554,
    "index": 25
  },
  {
    "name": "Require(22) node_modules/egg-session/app/extend/application.js",
    "start": 1558712159473,
    "end": 1558712159473,
    "duration": 0,
    "pid": 9554,
    "index": 26
  },
  {
    "name": "Require(23) node_modules/egg-security/app/extend/application.js",
    "start": 1558712159473,
    "end": 1558712159474,
    "duration": 1,
    "pid": 9554,
    "index": 27
  },
  {
    "name": "Require(24) node_modules/egg-jsonp/app/extend/application.js",
    "start": 1558712159474,
    "end": 1558712159475,
    "duration": 1,
    "pid": 9554,
    "index": 28
  },
  {
    "name": "Require(25) node_modules/egg-logrotator/app/extend/application.js",
    "start": 1558712159475,
    "end": 1558712159476,
    "duration": 1,
    "pid": 9554,
    "index": 29
  },
  {
    "name": "Require(26) node_modules/egg-view/app/extend/application.js",
    "start": 1558712159476,
    "end": 1558712159477,
    "duration": 1,
    "pid": 9554,
    "index": 30
  },
  {
    "name": "Require(27) node_modules/egg-view-nunjucks/app/extend/application.js",
    "start": 1558712159477,
    "end": 1558712159503,
    "duration": 26,
    "pid": 9554,
    "index": 31
  },
  {
    "name": "Load extend/request.js",
    "start": 1558712159504,
    "end": 1558712159506,
    "duration": 2,
    "pid": 9554,
    "index": 32
  },
  {
    "name": "Require(28) node_modules/egg/app/extend/request.js",
    "start": 1558712159505,
    "end": 1558712159506,
    "duration": 1,
    "pid": 9554,
    "index": 33
  },
  {
    "name": "Load extend/response.js",
    "start": 1558712159506,
    "end": 1558712159509,
    "duration": 3,
    "pid": 9554,
    "index": 34
  },
  {
    "name": "Require(29) node_modules/egg/app/extend/response.js",
    "start": 1558712159507,
    "end": 1558712159508,
    "duration": 1,
    "pid": 9554,
    "index": 35
  },
  {
    "name": "Load extend/context.js",
    "start": 1558712159509,
    "end": 1558712159556,
    "duration": 47,
    "pid": 9554,
    "index": 36
  },
  {
    "name": "Require(30) node_modules/egg-security/app/extend/context.js",
    "start": 1558712159509,
    "end": 1558712159519,
    "duration": 10,
    "pid": 9554,
    "index": 37
  },
  {
    "name": "Require(31) node_modules/egg-jsonp/app/extend/context.js",
    "start": 1558712159519,
    "end": 1558712159519,
    "duration": 0,
    "pid": 9554,
    "index": 38
  },
  {
    "name": "Require(32) node_modules/egg-i18n/app/extend/context.js",
    "start": 1558712159519,
    "end": 1558712159520,
    "duration": 1,
    "pid": 9554,
    "index": 39
  },
  {
    "name": "Require(33) node_modules/egg-multipart/app/extend/context.js",
    "start": 1558712159520,
    "end": 1558712159553,
    "duration": 33,
    "pid": 9554,
    "index": 40
  },
  {
    "name": "Require(34) node_modules/egg-view/app/extend/context.js",
    "start": 1558712159554,
    "end": 1558712159555,
    "duration": 1,
    "pid": 9554,
    "index": 41
  },
  {
    "name": "Require(35) node_modules/egg/app/extend/context.js",
    "start": 1558712159555,
    "end": 1558712159556,
    "duration": 1,
    "pid": 9554,
    "index": 42
  },
  {
    "name": "Load extend/helper.js",
    "start": 1558712159556,
    "end": 1558712159573,
    "duration": 17,
    "pid": 9554,
    "index": 43
  },
  {
    "name": "Require(36) node_modules/egg-security/app/extend/helper.js",
    "start": 1558712159557,
    "end": 1558712159571,
    "duration": 14,
    "pid": 9554,
    "index": 44
  },
  {
    "name": "Require(37) node_modules/egg/app/extend/helper.js",
    "start": 1558712159571,
    "end": 1558712159572,
    "duration": 1,
    "pid": 9554,
    "index": 45
  },
  {
    "name": "Load app.js",
    "start": 1558712159573,
    "end": 1558712159604,
    "duration": 31,
    "pid": 9554,
    "index": 46
  },
  {
    "name": "Require(38) node_modules/egg-session/app.js",
    "start": 1558712159573,
    "end": 1558712159573,
    "duration": 0,
    "pid": 9554,
    "index": 47
  },
  {
    "name": "Require(39) node_modules/egg-security/app.js",
    "start": 1558712159574,
    "end": 1558712159574,
    "duration": 0,
    "pid": 9554,
    "index": 48
  },
  {
    "name": "Require(40) node_modules/egg-onerror/app.js",
    "start": 1558712159575,
    "end": 1558712159581,
    "duration": 6,
    "pid": 9554,
    "index": 49
  },
  {
    "name": "Require(41) node_modules/egg-i18n/app.js",
    "start": 1558712159581,
    "end": 1558712159589,
    "duration": 8,
    "pid": 9554,
    "index": 50
  },
  {
    "name": "Require(42) node_modules/egg-watcher/app.js",
    "start": 1558712159589,
    "end": 1558712159591,
    "duration": 2,
    "pid": 9554,
    "index": 51
  },
  {
    "name": "Require(43) node_modules/egg-schedule/app.js",
    "start": 1558712159591,
    "end": 1558712159592,
    "duration": 1,
    "pid": 9554,
    "index": 52
  },
  {
    "name": "Require(44) node_modules/egg-multipart/app.js",
    "start": 1558712159592,
    "end": 1558712159593,
    "duration": 1,
    "pid": 9554,
    "index": 53
  },
  {
    "name": "Require(45) node_modules/egg-development/app.js",
    "start": 1558712159593,
    "end": 1558712159594,
    "duration": 1,
    "pid": 9554,
    "index": 54
  },
  {
    "name": "Require(46) node_modules/egg-logrotator/app.js",
    "start": 1558712159594,
    "end": 1558712159594,
    "duration": 0,
    "pid": 9554,
    "index": 55
  },
  {
    "name": "Require(47) node_modules/egg-static/app.js",
    "start": 1558712159594,
    "end": 1558712159594,
    "duration": 0,
    "pid": 9554,
    "index": 56
  },
  {
    "name": "Require(48) node_modules/egg-view-nunjucks/app.js",
    "start": 1558712159594,
    "end": 1558712159595,
    "duration": 1,
    "pid": 9554,
    "index": 57
  },
  {
    "name": "Require(49) node_modules/egg-mysql/app.js",
    "start": 1558712159595,
    "end": 1558712159604,
    "duration": 9,
    "pid": 9554,
    "index": 58
  },
  {
    "name": "Before Start in node_modules/egg-watcher/lib/init.js:15:14",
    "start": 1558712159614,
    "end": 1558712159822,
    "duration": 208,
    "pid": 9554,
    "index": 59
  },
  {
    "name": "Before Start in node_modules/egg-mysql/lib/mysql.js:20:7",
    "start": 1558712159719,
    "end": 1558712159824,
    "duration": 105,
    "pid": 9554,
    "index": 60
  },
  {
    "name": "Load Service",
    "start": 1558712159719,
    "end": 1558712159722,
    "duration": 3,
    "pid": 9554,
    "index": 61
  },
  {
    "name": "Load \"service\" to Context",
    "start": 1558712159719,
    "end": 1558712159722,
    "duration": 3,
    "pid": 9554,
    "index": 62
  },
  {
    "name": "Load Middleware",
    "start": 1558712159722,
    "end": 1558712159795,
    "duration": 73,
    "pid": 9554,
    "index": 63
  },
  {
    "name": "Load \"middlewares\" to Application",
    "start": 1558712159722,
    "end": 1558712159787,
    "duration": 65,
    "pid": 9554,
    "index": 64
  },
  {
    "name": "Load Controller",
    "start": 1558712159795,
    "end": 1558712159797,
    "duration": 2,
    "pid": 9554,
    "index": 65
  },
  {
    "name": "Load \"controller\" to Application",
    "start": 1558712159796,
    "end": 1558712159797,
    "duration": 1,
    "pid": 9554,
    "index": 66
  },
  {
    "name": "Load Router",
    "start": 1558712159797,
    "end": 1558712159800,
    "duration": 3,
    "pid": 9554,
    "index": 67
  },
  {
    "name": "Require(50) app/router.js",
    "start": 1558712159797,
    "end": 1558712159798,
    "duration": 1,
    "pid": 9554,
    "index": 68
  },
  {
    "name": "Before Start in node_modules/egg-core/lib/egg.js:303:10",
    "start": 1558712159798,
    "end": 1558712159810,
    "duration": 12,
    "pid": 9554,
    "index": 69
  }
]