[
  {
    "name": "Application Start",
    "start": 1558712044133,
    "end": 1558712044581,
    "duration": 448,
    "pid": 9518,
    "index": 0
  },
  {
    "name": "Load Plugin",
    "start": 1558712044137,
    "end": 1558712044147,
    "duration": 10,
    "pid": 9518,
    "index": 1
  },
  {
    "name": "Load Config",
    "start": 1558712044147,
    "end": 1558712044164,
    "duration": 17,
    "pid": 9518,
    "index": 2
  },
  {
    "name": "Require(0) config/config.default.js",
    "start": 1558712044148,
    "end": 1558712044148,
    "duration": 0,
    "pid": 9518,
    "index": 3
  },
  {
    "name": "Require(1) node_modules/egg-session/config/config.default.js",
    "start": 1558712044149,
    "end": 1558712044150,
    "duration": 1,
    "pid": 9518,
    "index": 4
  },
  {
    "name": "Require(2) node_modules/egg-security/config/config.default.js",
    "start": 1558712044150,
    "end": 1558712044150,
    "duration": 0,
    "pid": 9518,
    "index": 5
  },
  {
    "name": "Require(3) node_modules/egg-jsonp/config/config.default.js",
    "start": 1558712044151,
    "end": 1558712044151,
    "duration": 0,
    "pid": 9518,
    "index": 6
  },
  {
    "name": "Require(4) node_modules/egg-onerror/config/config.default.js",
    "start": 1558712044151,
    "end": 1558712044152,
    "duration": 1,
    "pid": 9518,
    "index": 7
  },
  {
    "name": "Require(5) node_modules/egg-i18n/config/config.default.js",
    "start": 1558712044152,
    "end": 1558712044152,
    "duration": 0,
    "pid": 9518,
    "index": 8
  },
  {
    "name": "Require(6) node_modules/egg-watcher/config/config.default.js",
    "start": 1558712044152,
    "end": 1558712044152,
    "duration": 0,
    "pid": 9518,
    "index": 9
  },
  {
    "name": "Require(7) node_modules/egg-schedule/config/config.default.js",
    "start": 1558712044153,
    "end": 1558712044153,
    "duration": 0,
    "pid": 9518,
    "index": 10
  },
  {
    "name": "Require(8) node_modules/egg-multipart/config/config.default.js",
    "start": 1558712044153,
    "end": 1558712044153,
    "duration": 0,
    "pid": 9518,
    "index": 11
  },
  {
    "name": "Require(9) node_modules/egg-development/config/config.default.js",
    "start": 1558712044154,
    "end": 1558712044154,
    "duration": 0,
    "pid": 9518,
    "index": 12
  },
  {
    "name": "Require(10) node_modules/egg-logrotator/config/config.default.js",
    "start": 1558712044155,
    "end": 1558712044155,
    "duration": 0,
    "pid": 9518,
    "index": 13
  },
  {
    "name": "Require(11) node_modules/egg-static/config/config.default.js",
    "start": 1558712044155,
    "end": 1558712044156,
    "duration": 1,
    "pid": 9518,
    "index": 14
  },
  {
    "name": "Require(12) node_modules/egg-view/config/config.default.js",
    "start": 1558712044156,
    "end": 1558712044156,
    "duration": 0,
    "pid": 9518,
    "index": 15
  },
  {
    "name": "Require(13) node_modules/egg-view-nunjucks/config/config.default.js",
    "start": 1558712044157,
    "end": 1558712044157,
    "duration": 0,
    "pid": 9518,
    "index": 16
  },
  {
    "name": "Require(14) node_modules/egg-mysql/config/config.default.js",
    "start": 1558712044158,
    "end": 1558712044158,
    "duration": 0,
    "pid": 9518,
    "index": 17
  },
  {
    "name": "Require(15) node_modules/egg/config/config.default.js",
    "start": 1558712044159,
    "end": 1558712044159,
    "duration": 0,
    "pid": 9518,
    "index": 18
  },
  {
    "name": "Require(16) config/config.default.js",
    "start": 1558712044161,
    "end": 1558712044161,
    "duration": 0,
    "pid": 9518,
    "index": 19
  },
  {
    "name": "Require(17) node_modules/egg-security/config/config.local.js",
    "start": 1558712044162,
    "end": 1558712044162,
    "duration": 0,
    "pid": 9518,
    "index": 20
  },
  {
    "name": "Require(18) node_modules/egg-watcher/config/config.local.js",
    "start": 1558712044162,
    "end": 1558712044162,
    "duration": 0,
    "pid": 9518,
    "index": 21
  },
  {
    "name": "Require(19) node_modules/egg-view/config/config.local.js",
    "start": 1558712044163,
    "end": 1558712044163,
    "duration": 0,
    "pid": 9518,
    "index": 22
  },
  {
    "name": "Require(20) node_modules/egg-view-nunjucks/config/config.local.js",
    "start": 1558712044163,
    "end": 1558712044163,
    "duration": 0,
    "pid": 9518,
    "index": 23
  },
  {
    "name": "Require(21) node_modules/egg/config/config.local.js",
    "start": 1558712044163,
    "end": 1558712044164,
    "duration": 1,
    "pid": 9518,
    "index": 24
  },
  {
    "name": "Load extend/application.js",
    "start": 1558712044165,
    "end": 1558712044198,
    "duration": 33,
    "pid": 9518,
    "index": 25
  },
  {
    "name": "Require(22) node_modules/egg-session/app/extend/application.js",
    "start": 1558712044165,
    "end": 1558712044166,
    "duration": 1,
    "pid": 9518,
    "index": 26
  },
  {
    "name": "Require(23) node_modules/egg-security/app/extend/application.js",
    "start": 1558712044166,
    "end": 1558712044166,
    "duration": 0,
    "pid": 9518,
    "index": 27
  },
  {
    "name": "Require(24) node_modules/egg-jsonp/app/extend/application.js",
    "start": 1558712044166,
    "end": 1558712044167,
    "duration": 1,
    "pid": 9518,
    "index": 28
  },
  {
    "name": "Require(25) node_modules/egg-logrotator/app/extend/application.js",
    "start": 1558712044168,
    "end": 1558712044168,
    "duration": 0,
    "pid": 9518,
    "index": 29
  },
  {
    "name": "Require(26) node_modules/egg-view/app/extend/application.js",
    "start": 1558712044168,
    "end": 1558712044169,
    "duration": 1,
    "pid": 9518,
    "index": 30
  },
  {
    "name": "Require(27) node_modules/egg-view-nunjucks/app/extend/application.js",
    "start": 1558712044169,
    "end": 1558712044197,
    "duration": 28,
    "pid": 9518,
    "index": 31
  },
  {
    "name": "Load extend/request.js",
    "start": 1558712044198,
    "end": 1558712044203,
    "duration": 5,
    "pid": 9518,
    "index": 32
  },
  {
    "name": "Require(28) node_modules/egg/app/extend/request.js",
    "start": 1558712044202,
    "end": 1558712044202,
    "duration": 0,
    "pid": 9518,
    "index": 33
  },
  {
    "name": "Load extend/response.js",
    "start": 1558712044204,
    "end": 1558712044208,
    "duration": 4,
    "pid": 9518,
    "index": 34
  },
  {
    "name": "Require(29) node_modules/egg/app/extend/response.js",
    "start": 1558712044206,
    "end": 1558712044207,
    "duration": 1,
    "pid": 9518,
    "index": 35
  },
  {
    "name": "Load extend/context.js",
    "start": 1558712044208,
    "end": 1558712044266,
    "duration": 58,
    "pid": 9518,
    "index": 36
  },
  {
    "name": "Require(30) node_modules/egg-security/app/extend/context.js",
    "start": 1558712044209,
    "end": 1558712044214,
    "duration": 5,
    "pid": 9518,
    "index": 37
  },
  {
    "name": "Require(31) node_modules/egg-jsonp/app/extend/context.js",
    "start": 1558712044214,
    "end": 1558712044215,
    "duration": 1,
    "pid": 9518,
    "index": 38
  },
  {
    "name": "Require(32) node_modules/egg-i18n/app/extend/context.js",
    "start": 1558712044215,
    "end": 1558712044215,
    "duration": 0,
    "pid": 9518,
    "index": 39
  },
  {
    "name": "Require(33) node_modules/egg-multipart/app/extend/context.js",
    "start": 1558712044215,
    "end": 1558712044263,
    "duration": 48,
    "pid": 9518,
    "index": 40
  },
  {
    "name": "Require(34) node_modules/egg-view/app/extend/context.js",
    "start": 1558712044264,
    "end": 1558712044264,
    "duration": 0,
    "pid": 9518,
    "index": 41
  },
  {
    "name": "Require(35) node_modules/egg/app/extend/context.js",
    "start": 1558712044265,
    "end": 1558712044265,
    "duration": 0,
    "pid": 9518,
    "index": 42
  },
  {
    "name": "Load extend/helper.js",
    "start": 1558712044266,
    "end": 1558712044280,
    "duration": 14,
    "pid": 9518,
    "index": 43
  },
  {
    "name": "Require(36) node_modules/egg-security/app/extend/helper.js",
    "start": 1558712044266,
    "end": 1558712044278,
    "duration": 12,
    "pid": 9518,
    "index": 44
  },
  {
    "name": "Require(37) node_modules/egg/app/extend/helper.js",
    "start": 1558712044278,
    "end": 1558712044279,
    "duration": 1,
    "pid": 9518,
    "index": 45
  },
  {
    "name": "Load app.js",
    "start": 1558712044280,
    "end": 1558712044318,
    "duration": 38,
    "pid": 9518,
    "index": 46
  },
  {
    "name": "Require(38) node_modules/egg-session/app.js",
    "start": 1558712044280,
    "end": 1558712044280,
    "duration": 0,
    "pid": 9518,
    "index": 47
  },
  {
    "name": "Require(39) node_modules/egg-security/app.js",
    "start": 1558712044280,
    "end": 1558712044281,
    "duration": 1,
    "pid": 9518,
    "index": 48
  },
  {
    "name": "Require(40) node_modules/egg-onerror/app.js",
    "start": 1558712044281,
    "end": 1558712044287,
    "duration": 6,
    "pid": 9518,
    "index": 49
  },
  {
    "name": "Require(41) node_modules/egg-i18n/app.js",
    "start": 1558712044287,
    "end": 1558712044298,
    "duration": 11,
    "pid": 9518,
    "index": 50
  },
  {
    "name": "Require(42) node_modules/egg-watcher/app.js",
    "start": 1558712044298,
    "end": 1558712044301,
    "duration": 3,
    "pid": 9518,
    "index": 51
  },
  {
    "name": "Require(43) node_modules/egg-schedule/app.js",
    "start": 1558712044301,
    "end": 1558712044302,
    "duration": 1,
    "pid": 9518,
    "index": 52
  },
  {
    "name": "Require(44) node_modules/egg-multipart/app.js",
    "start": 1558712044302,
    "end": 1558712044303,
    "duration": 1,
    "pid": 9518,
    "index": 53
  },
  {
    "name": "Require(45) node_modules/egg-development/app.js",
    "start": 1558712044304,
    "end": 1558712044304,
    "duration": 0,
    "pid": 9518,
    "index": 54
  },
  {
    "name": "Require(46) node_modules/egg-logrotator/app.js",
    "start": 1558712044304,
    "end": 1558712044304,
    "duration": 0,
    "pid": 9518,
    "index": 55
  },
  {
    "name": "Require(47) node_modules/egg-static/app.js",
    "start": 1558712044304,
    "end": 1558712044305,
    "duration": 1,
    "pid": 9518,
    "index": 56
  },
  {
    "name": "Require(48) node_modules/egg-view-nunjucks/app.js",
    "start": 1558712044305,
    "end": 1558712044305,
    "duration": 0,
    "pid": 9518,
    "index": 57
  },
  {
    "name": "Require(49) node_modules/egg-mysql/app.js",
    "start": 1558712044306,
    "end": 1558712044317,
    "duration": 11,
    "pid": 9518,
    "index": 58
  },
  {
    "name": "Before Start in node_modules/egg-watcher/lib/init.js:15:14",
    "start": 1558712044332,
    "end": 1558712044579,
    "duration": 247,
    "pid": 9518,
    "index": 59
  },
  {
    "name": "Before Start in node_modules/egg-mysql/lib/mysql.js:20:7",
    "start": 1558712044451,
    "end": 1558712044581,
    "duration": 130,
    "pid": 9518,
    "index": 60
  },
  {
    "name": "Load Service",
    "start": 1558712044451,
    "end": 1558712044457,
    "duration": 6,
    "pid": 9518,
    "index": 61
  },
  {
    "name": "Load \"service\" to Context",
    "start": 1558712044452,
    "end": 1558712044457,
    "duration": 5,
    "pid": 9518,
    "index": 62
  },
  {
    "name": "Load Middleware",
    "start": 1558712044457,
    "end": 1558712044530,
    "duration": 73,
    "pid": 9518,
    "index": 63
  },
  {
    "name": "Load \"middlewares\" to Application",
    "start": 1558712044458,
    "end": 1558712044518,
    "duration": 60,
    "pid": 9518,
    "index": 64
  },
  {
    "name": "Load Controller",
    "start": 1558712044531,
    "end": 1558712044533,
    "duration": 2,
    "pid": 9518,
    "index": 65
  },
  {
    "name": "Load \"controller\" to Application",
    "start": 1558712044531,
    "end": 1558712044533,
    "duration": 2,
    "pid": 9518,
    "index": 66
  },
  {
    "name": "Load Router",
    "start": 1558712044534,
    "end": 1558712044543,
    "duration": 9,
    "pid": 9518,
    "index": 67
  },
  {
    "name": "Require(50) app/router.js",
    "start": 1558712044534,
    "end": 1558712044534,
    "duration": 0,
    "pid": 9518,
    "index": 68
  },
  {
    "name": "Before Start in node_modules/egg-core/lib/egg.js:303:10",
    "start": 1558712044536,
    "end": 1558712044562,
    "duration": 26,
    "pid": 9518,
    "index": 69
  }
]