[
  {
    "name": "Application Start",
    "start": 1558712035073,
    "end": 1558712035482,
    "duration": 409,
    "pid": 9511,
    "index": 0
  },
  {
    "name": "Load Plugin",
    "start": 1558712035077,
    "end": 1558712035085,
    "duration": 8,
    "pid": 9511,
    "index": 1
  },
  {
    "name": "Load Config",
    "start": 1558712035085,
    "end": 1558712035099,
    "duration": 14,
    "pid": 9511,
    "index": 2
  },
  {
    "name": "Require(0) config/config.default.js",
    "start": 1558712035086,
    "end": 1558712035086,
    "duration": 0,
    "pid": 9511,
    "index": 3
  },
  {
    "name": "Require(1) node_modules/egg-session/config/config.default.js",
    "start": 1558712035087,
    "end": 1558712035088,
    "duration": 1,
    "pid": 9511,
    "index": 4
  },
  {
    "name": "Require(2) node_modules/egg-security/config/config.default.js",
    "start": 1558712035088,
    "end": 1558712035088,
    "duration": 0,
    "pid": 9511,
    "index": 5
  },
  {
    "name": "Require(3) node_modules/egg-jsonp/config/config.default.js",
    "start": 1558712035089,
    "end": 1558712035089,
    "duration": 0,
    "pid": 9511,
    "index": 6
  },
  {
    "name": "Require(4) node_modules/egg-onerror/config/config.default.js",
    "start": 1558712035089,
    "end": 1558712035089,
    "duration": 0,
    "pid": 9511,
    "index": 7
  },
  {
    "name": "Require(5) node_modules/egg-i18n/config/config.default.js",
    "start": 1558712035089,
    "end": 1558712035090,
    "duration": 1,
    "pid": 9511,
    "index": 8
  },
  {
    "name": "Require(6) node_modules/egg-watcher/config/config.default.js",
    "start": 1558712035091,
    "end": 1558712035091,
    "duration": 0,
    "pid": 9511,
    "index": 9
  },
  {
    "name": "Require(7) node_modules/egg-schedule/config/config.default.js",
    "start": 1558712035091,
    "end": 1558712035092,
    "duration": 1,
    "pid": 9511,
    "index": 10
  },
  {
    "name": "Require(8) node_modules/egg-multipart/config/config.default.js",
    "start": 1558712035092,
    "end": 1558712035092,
    "duration": 0,
    "pid": 9511,
    "index": 11
  },
  {
    "name": "Require(9) node_modules/egg-development/config/config.default.js",
    "start": 1558712035093,
    "end": 1558712035093,
    "duration": 0,
    "pid": 9511,
    "index": 12
  },
  {
    "name": "Require(10) node_modules/egg-logrotator/config/config.default.js",
    "start": 1558712035093,
    "end": 1558712035093,
    "duration": 0,
    "pid": 9511,
    "index": 13
  },
  {
    "name": "Require(11) node_modules/egg-static/config/config.default.js",
    "start": 1558712035093,
    "end": 1558712035093,
    "duration": 0,
    "pid": 9511,
    "index": 14
  },
  {
    "name": "Require(12) node_modules/egg-view/config/config.default.js",
    "start": 1558712035094,
    "end": 1558712035094,
    "duration": 0,
    "pid": 9511,
    "index": 15
  },
  {
    "name": "Require(13) node_modules/egg-view-nunjucks/config/config.default.js",
    "start": 1558712035094,
    "end": 1558712035094,
    "duration": 0,
    "pid": 9511,
    "index": 16
  },
  {
    "name": "Require(14) node_modules/egg-mysql/config/config.default.js",
    "start": 1558712035095,
    "end": 1558712035095,
    "duration": 0,
    "pid": 9511,
    "index": 17
  },
  {
    "name": "Require(15) node_modules/egg/config/config.default.js",
    "start": 1558712035095,
    "end": 1558712035096,
    "duration": 1,
    "pid": 9511,
    "index": 18
  },
  {
    "name": "Require(16) config/config.default.js",
    "start": 1558712035097,
    "end": 1558712035097,
    "duration": 0,
    "pid": 9511,
    "index": 19
  },
  {
    "name": "Require(17) node_modules/egg-security/config/config.local.js",
    "start": 1558712035097,
    "end": 1558712035097,
    "duration": 0,
    "pid": 9511,
    "index": 20
  },
  {
    "name": "Require(18) node_modules/egg-watcher/config/config.local.js",
    "start": 1558712035098,
    "end": 1558712035098,
    "duration": 0,
    "pid": 9511,
    "index": 21
  },
  {
    "name": "Require(19) node_modules/egg-view/config/config.local.js",
    "start": 1558712035098,
    "end": 1558712035099,
    "duration": 1,
    "pid": 9511,
    "index": 22
  },
  {
    "name": "Require(20) node_modules/egg-view-nunjucks/config/config.local.js",
    "start": 1558712035099,
    "end": 1558712035099,
    "duration": 0,
    "pid": 9511,
    "index": 23
  },
  {
    "name": "Require(21) node_modules/egg/config/config.local.js",
    "start": 1558712035099,
    "end": 1558712035099,
    "duration": 0,
    "pid": 9511,
    "index": 24
  },
  {
    "name": "Load extend/application.js",
    "start": 1558712035101,
    "end": 1558712035132,
    "duration": 31,
    "pid": 9511,
    "index": 25
  },
  {
    "name": "Require(22) node_modules/egg-session/app/extend/application.js",
    "start": 1558712035101,
    "end": 1558712035101,
    "duration": 0,
    "pid": 9511,
    "index": 26
  },
  {
    "name": "Require(23) node_modules/egg-security/app/extend/application.js",
    "start": 1558712035102,
    "end": 1558712035102,
    "duration": 0,
    "pid": 9511,
    "index": 27
  },
  {
    "name": "Require(24) node_modules/egg-jsonp/app/extend/application.js",
    "start": 1558712035102,
    "end": 1558712035103,
    "duration": 1,
    "pid": 9511,
    "index": 28
  },
  {
    "name": "Require(25) node_modules/egg-logrotator/app/extend/application.js",
    "start": 1558712035104,
    "end": 1558712035104,
    "duration": 0,
    "pid": 9511,
    "index": 29
  },
  {
    "name": "Require(26) node_modules/egg-view/app/extend/application.js",
    "start": 1558712035104,
    "end": 1558712035105,
    "duration": 1,
    "pid": 9511,
    "index": 30
  },
  {
    "name": "Require(27) node_modules/egg-view-nunjucks/app/extend/application.js",
    "start": 1558712035105,
    "end": 1558712035131,
    "duration": 26,
    "pid": 9511,
    "index": 31
  },
  {
    "name": "Load extend/request.js",
    "start": 1558712035132,
    "end": 1558712035134,
    "duration": 2,
    "pid": 9511,
    "index": 32
  },
  {
    "name": "Require(28) node_modules/egg/app/extend/request.js",
    "start": 1558712035133,
    "end": 1558712035133,
    "duration": 0,
    "pid": 9511,
    "index": 33
  },
  {
    "name": "Load extend/response.js",
    "start": 1558712035134,
    "end": 1558712035137,
    "duration": 3,
    "pid": 9511,
    "index": 34
  },
  {
    "name": "Require(29) node_modules/egg/app/extend/response.js",
    "start": 1558712035135,
    "end": 1558712035136,
    "duration": 1,
    "pid": 9511,
    "index": 35
  },
  {
    "name": "Load extend/context.js",
    "start": 1558712035137,
    "end": 1558712035178,
    "duration": 41,
    "pid": 9511,
    "index": 36
  },
  {
    "name": "Require(30) node_modules/egg-security/app/extend/context.js",
    "start": 1558712035137,
    "end": 1558712035143,
    "duration": 6,
    "pid": 9511,
    "index": 37
  },
  {
    "name": "Require(31) node_modules/egg-jsonp/app/extend/context.js",
    "start": 1558712035143,
    "end": 1558712035144,
    "duration": 1,
    "pid": 9511,
    "index": 38
  },
  {
    "name": "Require(32) node_modules/egg-i18n/app/extend/context.js",
    "start": 1558712035144,
    "end": 1558712035144,
    "duration": 0,
    "pid": 9511,
    "index": 39
  },
  {
    "name": "Require(33) node_modules/egg-multipart/app/extend/context.js",
    "start": 1558712035144,
    "end": 1558712035174,
    "duration": 30,
    "pid": 9511,
    "index": 40
  },
  {
    "name": "Require(34) node_modules/egg-view/app/extend/context.js",
    "start": 1558712035175,
    "end": 1558712035175,
    "duration": 0,
    "pid": 9511,
    "index": 41
  },
  {
    "name": "Require(35) node_modules/egg/app/extend/context.js",
    "start": 1558712035175,
    "end": 1558712035178,
    "duration": 3,
    "pid": 9511,
    "index": 42
  },
  {
    "name": "Load extend/helper.js",
    "start": 1558712035179,
    "end": 1558712035192,
    "duration": 13,
    "pid": 9511,
    "index": 43
  },
  {
    "name": "Require(36) node_modules/egg-security/app/extend/helper.js",
    "start": 1558712035179,
    "end": 1558712035189,
    "duration": 10,
    "pid": 9511,
    "index": 44
  },
  {
    "name": "Require(37) node_modules/egg/app/extend/helper.js",
    "start": 1558712035190,
    "end": 1558712035191,
    "duration": 1,
    "pid": 9511,
    "index": 45
  },
  {
    "name": "Load app.js",
    "start": 1558712035192,
    "end": 1558712035234,
    "duration": 42,
    "pid": 9511,
    "index": 46
  },
  {
    "name": "Require(38) node_modules/egg-session/app.js",
    "start": 1558712035192,
    "end": 1558712035192,
    "duration": 0,
    "pid": 9511,
    "index": 47
  },
  {
    "name": "Require(39) node_modules/egg-security/app.js",
    "start": 1558712035193,
    "end": 1558712035194,
    "duration": 1,
    "pid": 9511,
    "index": 48
  },
  {
    "name": "Require(40) node_modules/egg-onerror/app.js",
    "start": 1558712035195,
    "end": 1558712035202,
    "duration": 7,
    "pid": 9511,
    "index": 49
  },
  {
    "name": "Require(41) node_modules/egg-i18n/app.js",
    "start": 1558712035203,
    "end": 1558712035213,
    "duration": 10,
    "pid": 9511,
    "index": 50
  },
  {
    "name": "Require(42) node_modules/egg-watcher/app.js",
    "start": 1558712035213,
    "end": 1558712035215,
    "duration": 2,
    "pid": 9511,
    "index": 51
  },
  {
    "name": "Require(43) node_modules/egg-schedule/app.js",
    "start": 1558712035215,
    "end": 1558712035217,
    "duration": 2,
    "pid": 9511,
    "index": 52
  },
  {
    "name": "Require(44) node_modules/egg-multipart/app.js",
    "start": 1558712035218,
    "end": 1558712035220,
    "duration": 2,
    "pid": 9511,
    "index": 53
  },
  {
    "name": "Require(45) node_modules/egg-development/app.js",
    "start": 1558712035220,
    "end": 1558712035220,
    "duration": 0,
    "pid": 9511,
    "index": 54
  },
  {
    "name": "Require(46) node_modules/egg-logrotator/app.js",
    "start": 1558712035220,
    "end": 1558712035220,
    "duration": 0,
    "pid": 9511,
    "index": 55
  },
  {
    "name": "Require(47) node_modules/egg-static/app.js",
    "start": 1558712035221,
    "end": 1558712035221,
    "duration": 0,
    "pid": 9511,
    "index": 56
  },
  {
    "name": "Require(48) node_modules/egg-view-nunjucks/app.js",
    "start": 1558712035221,
    "end": 1558712035221,
    "duration": 0,
    "pid": 9511,
    "index": 57
  },
  {
    "name": "Require(49) node_modules/egg-mysql/app.js",
    "start": 1558712035221,
    "end": 1558712035234,
    "duration": 13,
    "pid": 9511,
    "index": 58
  },
  {
    "name": "Before Start in node_modules/egg-watcher/lib/init.js:15:14",
    "start": 1558712035247,
    "end": 1558712035478,
    "duration": 231,
    "pid": 9511,
    "index": 59
  },
  {
    "name": "Before Start in node_modules/egg-mysql/lib/mysql.js:20:7",
    "start": 1558712035364,
    "end": 1558712035480,
    "duration": 116,
    "pid": 9511,
    "index": 60
  },
  {
    "name": "Load Service",
    "start": 1558712035364,
    "end": 1558712035368,
    "duration": 4,
    "pid": 9511,
    "index": 61
  },
  {
    "name": "Load \"service\" to Context",
    "start": 1558712035364,
    "end": 1558712035368,
    "duration": 4,
    "pid": 9511,
    "index": 62
  },
  {
    "name": "Load Middleware",
    "start": 1558712035368,
    "end": 1558712035434,
    "duration": 66,
    "pid": 9511,
    "index": 63
  },
  {
    "name": "Load \"middlewares\" to Application",
    "start": 1558712035369,
    "end": 1558712035423,
    "duration": 54,
    "pid": 9511,
    "index": 64
  },
  {
    "name": "Load Controller",
    "start": 1558712035434,
    "end": 1558712035436,
    "duration": 2,
    "pid": 9511,
    "index": 65
  },
  {
    "name": "Load \"controller\" to Application",
    "start": 1558712035434,
    "end": 1558712035436,
    "duration": 2,
    "pid": 9511,
    "index": 66
  },
  {
    "name": "Load Router",
    "start": 1558712035436,
    "end": 1558712035439,
    "duration": 3,
    "pid": 9511,
    "index": 67
  },
  {
    "name": "Require(50) app/router.js",
    "start": 1558712035437,
    "end": 1558712035437,
    "duration": 0,
    "pid": 9511,
    "index": 68
  },
  {
    "name": "Before Start in node_modules/egg-core/lib/egg.js:303:10",
    "start": 1558712035437,
    "end": 1558712035455,
    "duration": 18,
    "pid": 9511,
    "index": 69
  }
]